{"cameraMode":{"drawMode":0,"name":"Shaded","section":"Shading Mode"},"sceneLighting":true,"audioPlay":false,"sceneViewState":{"showFog":true,"showMaterialUpdate":false,"showSkybox":true,"showFlares":true,"showImageEffects":true,"showParticleSystems":true},"in2DMode":false,"pivot":{"x":-0.1834157407283783,"y":3.301022529602051,"z":9.800344467163086},"rotation":{"x":-0.1122589185833931,"y":0.008344721980392933,"z":-0.0009427728946320713,"w":-0.9936435222625732},"size":22.0,"orthographic":false}