{"cameraMode":{"drawMode":0,"name":"Shaded","section":"Shading Mode"},"sceneLighting":true,"audioPlay":false,"sceneViewState":{"showFog":true,"showMaterialUpdate":false,"showSkybox":true,"showFlares":true,"showImageEffects":true,"showParticleSystems":true},"in2DMode":false,"pivot":{"x":1.3995343446731568,"y":4.564455032348633,"z":-6.746914863586426},"rotation":{"x":0.2854730188846588,"y":0.001437575207091868,"z":-0.0004282045701984316,"w":0.9583855867385864},"size":15.311443328857422,"orthographic":false}