{"cameraMode":{"drawMode":0,"name":"Shaded","section":"Shading Mode"},"sceneLighting":true,"audioPlay":false,"sceneViewState":{"showFog":true,"showMaterialUpdate":false,"showSkybox":true,"showFlares":true,"showImageEffects":true,"showParticleSystems":true},"in2DMode":false,"pivot":{"x":0.5460067391395569,"y":-0.9070138931274414,"z":21.46649932861328},"rotation":{"x":-0.19847363233566285,"y":0.00940603855997324,"z":-0.001904828823171556,"w":-0.9800592660903931},"size":32.41892623901367,"orthographic":false}